{"cameraMode":{"drawMode":0,"name":"Shaded","section":"Shading Mode"},"sceneLighting":false,"audioPlay":false,"sceneViewState":{"showFog":false,"showMaterialUpdate":false,"showSkybox":false,"showFlares":false,"showImageEffects":false,"showParticleSystems":false},"in2DMode":false,"pivot":{"x":0.19499999284744264,"y":2.809999942779541,"z":0.7919999957084656},"rotation":{"x":-0.43220674991607668,"y":0.03569195047020912,"z":-0.017124498263001443,"w":-0.9009171724319458},"size":0.28578832745552065,"orthographic":false}